Év;A hét sorszáma;A hét kező napja;A hét záró napja;Férfi 034 éves;Férfi 3539 éves;Férfi 4044 éves;Férfi 4549 éves;Férfi 5054 éves;Férfi 5559 éves;Férfi 6064 éves;Férfi 6569 éves;Férfi 7074 éves;Férfi 7579 éves;Férfi 8084 éves;Férfi 8589 éves;Férfi 90+ éves;Férfi összesen;Nő 034 éves;Nő 3539 éves;Nő 4044 éves;Nő 4549 éves;Nő 5054 éves;Nő 5559 éves;Nő 6064 éves;Nő 6569 éves;Nő 7074 éves;Nő 7579 éves;Nő 8084 éves;Nő 8589 éves;Nő 90+ éves;Nő összesen;Összesen 034 éves;Összesen 3539 éves;Összesen 4044 éves;Összesen 4549 éves;Összesen 5054 éves;Összesen 5559 éves;Összesen 6064 éves;Összesen 6569 éves;Összesen 7074 éves;Összesen 7579 éves;Összesen 8084 éves;Összesen 8589 éves;Összesen 90+ éves;Összesen összesen
22.2.1.2.Halálozásokszámanemekéskorcsoportokszerint,hetente;;;;;;;;;;;;;;;;;;;;;;;;;;;;;;;;;;;;;;;;;;;;;
2015.;1.;2014.12.29.;2015.01.4.;19;13;15;38;71;111;186;164;162;203;194;123;64;1363;22;4;6;10;35;46;84;94;139;185;308;300;204;1437;41;17;21;48;106;157;270;258;301;388;502;423;268;2800
;2.;2015.01.5.;2015.01.11.;25;7;33;40;60;139;176;180;182;177;186;119;73;1397;11;2;10;16;33;63;115;115;147;225;312;288;271;1608;36;9;43;56;93;202;291;295;329;402;498;407;344;3005
;3.;2015.01.12.;2015.01.18.;21;8;17;37;74;115;151;157;192;197;166;139;84;1358;13;9;4;15;26;60;111;100;156;218;292;309;229;1542;34;17;21;52;100;175;262;257;348;415;458;448;313;2900
;4.;2015.01.19.;2015.01.25.;24;16;14;37;58;112;183;183;184;202;202;150;84;1449;16;6;9;18;40;69;98;113;151;200;305;310;221;1556;40;22;23;55;98;181;281;296;335;402;507;460;305;3005
;5.;2015.01.26.;2015.02.1.;19;9;20;30;51;121;166;165;197;196;184;147;88;1393;13;9;17;16;34;62;100;119;144;232;314;358;256;1674;32;18;37;46;85;183;266;284;341;428;498;505;344;3067
;6.;2015.02.2.;2015.02.8.;22;12;16;52;69;104;163;206;214;231;205;167;87;1548;14;1;14;18;43;75;104;141;179;225;344;353;291;1802;36;13;30;70;112;179;267;347;393;456;549;520;378;3350
;7.;2015.02.9.;2015.02.15.;13;17;21;39;57;106;162;198;198;191;227;184;78;1491;11;8;12;16;35;70;105;128;156;235;382;352;279;1789;24;25;33;55;92;176;267;326;354;426;609;536;357;3280
;8.;2015.02.16.;2015.02.22.;26;12;25;29;53;142;176;184;199;218;207;195;92;1558;17;6;7;15;31;57;92;117;196;241;335;377;300;1791;43;18;32;44;84;199;268;301;395;459;542;572;392;3349
;9.;2015.02.23.;2015.03.1.;16;12;19;33;66;113;183;147;212;178;221;168;88;1456;13;7;12;19;30;56;81;96;163;243;315;357;272;1664;29;19;31;52;96;169;264;243;375;421;536;525;360;3120
;10.;2015.03.2.;2015.03.8.;27;10;18;43;69;113;140;179;170;182;196;140;87;1374;7;6;11;18;32;63;83;111;141;230;316;338;232;1588;34;16;29;61;101;176;223;290;311;412;512;478;319;2962
;11.;2015.03.9.;2015.03.15.;21;12;17;39;69;113;158;159;172;164;186;132;65;1307;11;7;5;22;29;44;93;111;154;195;277;322;200;1470;32;19;22;61;98;157;251;270;326;359;463;454;265;2777
;12.;2015.03.16.;2015.03.22.;13;18;23;34;73;113;153;171;192;186;168;127;68;1339;14;3;6;13;35;59;82;96;136;204;282;266;229;1425;27;21;29;47;108;172;235;267;328;390;450;393;297;2764
;13.;2015.03.23.;2015.03.29.;22;12;15;32;61;118;155;144;186;171;192;125;63;1296;7;6;7;14;35;51;101;110;133;196;272;267;195;1394;29;18;22;46;96;169;256;254;319;367;464;392;258;2690
;14.;2015.03.30.;2015.04.5.;19;14;21;30;50;120;155;167;156;183;161;114;64;1254;11;8;10;16;25;51;85;93;144;186;279;266;211;1385;30;22;31;46;75;171;240;260;300;369;440;380;275;2639
;15.;2015.04.6.;2015.04.12.;19;11;14;33;53;114;178;159;164;157;191;91;77;1261;12;5;11;19;22;58;90;89;122;188;264;252;219;1351;31;16;25;52;75;172;268;248;286;345;455;343;296;2612
;16.;2015.04.13.;2015.04.19.;18;18;16;28;46;100;155;154;167;177;176;129;67;1251;8;6;17;18;29;37;104;96;134;194;262;264;192;1361;26;24;33;46;75;137;259;250;301;371;438;393;259;2612
;17.;2015.04.20.;2015.04.26.;22;13;15;44;44;110;141;173;156;174;158;123;65;1238;6;9;15;15;31;47;87;95;147;173;249;281;205;1360;28;22;30;59;75;157;228;268;303;347;407;404;270;2598
;18.;2015.04.27.;2015.05.3.;17;10;23;30;51;114;114;145;169;144;165;98;72;1152;17;7;10;20;25;42;86;101;146;162;268;235;196;1315;34;17;33;50;76;156;200;246;315;306;433;333;268;2467
;19.;2015.05.4.;2015.05.10.;29;10;28;37;52;84;139;154;140;139;169;100;83;1164;8;1;7;17;24;62;81;92;125;151;254;247;187;1256;37;11;35;54;76;146;220;246;265;290;423;347;270;2420
;20.;2015.05.11.;2015.05.17.;26;9;19;27;67;90;144;146;149;152;154;109;48;1140;12;7;9;11;22;57;95;92;102;174;213;211;148;1153;38;16;28;38;89;147;239;238;251;326;367;320;196;2293
;21.;2015.05.18.;2015.05.24.;21;12;18;35;43;102;167;118;146;128;136;110;66;1102;7;7;6;14;32;57;66;100;109;179;229;207;159;1172;28;19;24;49;75;159;233;218;255;307;365;317;225;2274
;22.;2015.05.25.;2015.05.31.;25;10;22;36;49;95;162;139;140;138;129;102;53;1100;9;6;9;10;26;46;73;91;106;141;200;211;149;1077;34;16;31;46;75;141;235;230;246;279;329;313;202;2177
;23.;2015.06.1.;2015.06.7.;33;5;17;22;59;111;137;183;172;154;149;113;63;1218;13;1;10;18;27;51;82;93;129;170;234;220;168;1216;46;6;27;40;86;162;219;276;301;324;383;333;231;2434
;24.;2015.06.8.;2015.06.14.;23;16;10;29;45;102;172;132;143;144;123;96;71;1106;11;2;12;18;27;47;90;99;135;157;204;212;178;1192;34;18;22;47;72;149;262;231;278;301;327;308;249;2298
;25.;2015.06.15.;2015.06.21.;21;11;19;30;41;82;139;112;119;120;158;97;55;1004;18;8;11;17;20;45;60;92;95;135;186;199;177;1063;39;19;30;47;61;127;199;204;214;255;344;296;232;2067
;26.;2015.06.22.;2015.06.28.;30;14;14;26;51;97;132;133;162;116;122;91;50;1038;14;4;15;14;30;42;77;92;118;150;198;192;157;1103;44;18;29;40;81;139;209;225;280;266;320;283;207;2141
;27.;2015.06.29.;2015.07.5.;22;11;12;22;61;110;138;154;163;169;163;97;65;1187;14;7;9;19;31;44;72;90;129;164;219;216;182;1196;36;18;21;41;92;154;210;244;292;333;382;313;247;2383
;28.;2015.07.6.;2015.07.12.;29;10;14;40;59;100;170;133;177;152;154;101;59;1198;11;;7;23;32;51;87;92;114;177;253;238;208;1293;40;10;21;63;91;151;257;225;291;329;407;339;267;2491
;29.;2015.07.13.;2015.07.19.;34;20;18;29;64;100;168;127;148;120;148;117;65;1158;14;3;11;18;25;58;81;81;112;156;238;229;174;1200;48;23;29;47;89;158;249;208;260;276;386;346;239;2358
;30.;2015.07.20.;2015.07.26.;45;11;12;39;63;101;161;149;184;173;164;114;80;1296;12;7;7;21;26;49;80;87;139;183;261;267;190;1329;57;18;19;60;89;150;241;236;323;356;425;381;270;2625
;31.;2015.07.27.;2015.08.2.;19;11;14;25;55;94;139;145;120;113;136;101;60;1032;13;8;11;12;17;35;55;79;98;135;190;186;149;988;32;19;25;37;72;129;194;224;218;248;326;287;209;2020
;32.;2015.08.3.;2015.08.9.;29;10;23;29;51;92;160;137;165;149;138;109;63;1155;13;3;5;15;40;33;90;108;130;162;230;219;175;1223;42;13;28;44;91;125;250;245;295;311;368;328;238;2378
;33.;2015.08.10.;2015.08.16.;19;15;26;26;68;100;153;184;173;162;158;125;77;1286;14;6;13;17;37;55;96;120;141;181;278;288;215;1461;33;21;39;43;105;155;249;304;314;343;436;413;292;2747
;34.;2015.08.17.;2015.08.23.;24;9;12;37;54;94;126;115;112;132;118;92;54;979;7;3;10;10;24;34;75;76;83;139;199;208;155;1023;31;12;22;47;78;128;201;191;195;271;317;300;209;2002
;35.;2015.08.24.;2015.08.30.;23;15;17;43;44;88;131;138;145;146;136;109;71;1106;9;8;9;16;25;54;81;80;101;161;213;228;191;1176;32;23;26;59;69;142;212;218;246;307;349;337;262;2282
;36.;2015.08.31.;2015.09.6.;17;10;15;30;43;85;141;140;150;154;120;106;71;1082;7;8;4;17;23;52;67;75;117;169;205;231;163;1138;24;18;19;47;66;137;208;215;267;323;325;337;234;2220
;37.;2015.09.7.;2015.09.13.;28;8;17;43;55;108;138;155;121;116;157;107;66;1119;6;6;9;15;27;57;73;80;111;135;201;186;167;1073;34;14;26;58;82;165;211;235;232;251;358;293;233;2192
;38.;2015.09.14.;2015.09.20.;22;12;15;41;46;108;141;169;149;140;156;122;59;1180;5;5;14;12;37;51;82;83;121;177;217;238;157;1199;27;17;29;53;83;159;223;252;270;317;373;360;216;2379
;39.;2015.09.21.;2015.09.27.;18;10;21;28;52;78;162;142;130;135;141;91;64;1072;15;8;6;13;27;48;66;80;131;141;204;189;147;1075;33;18;27;41;79;126;228;222;261;276;345;280;211;2147
;40.;2015.09.28.;2015.10.4.;15;11;20;28;44;102;121;129;141;144;142;97;80;1074;11;5;8;14;26;67;93;97;120;143;172;193;169;1118;26;16;28;42;70;169;214;226;261;287;314;290;249;2192
;41.;2015.10.5.;2015.10.11.;21;17;15;30;49;88;136;144;163;169;138;103;70;1143;8;4;7;17;27;52;81;87;108;173;240;213;172;1189;29;21;22;47;76;140;217;231;271;342;378;316;242;2332
;42.;2015.10.12.;2015.10.18.;23;12;27;40;57;100;144;158;160;156;143;122;81;1223;5;3;6;18;32;44;79;90;118;165;210;273;197;1240;28;15;33;58;89;144;223;248;278;321;353;395;278;2463
;43.;2015.10.19.;2015.10.25.;26;12;17;41;58;92;148;140;172;161;143;121;59;1190;10;3;9;14;26;57;82;93;135;148;252;250;168;1247;36;15;26;55;84;149;230;233;307;309;395;371;227;2437
;44.;2015.10.26.;2015.11.1.;19;8;16;28;61;105;150;146;146;151;135;92;55;1112;12;5;8;15;30;58;83;113;111;163;256;251;201;1306;31;13;24;43;91;163;233;259;257;314;391;343;256;2418
;45.;2015.11.2.;2015.11.8.;26;13;21;26;53;113;165;150;156;158;160;120;53;1214;12;1;7;18;25;53;85;95;118;174;235;210;178;1211;38;14;28;44;78;166;250;245;274;332;395;330;231;2425
;46.;2015.11.9.;2015.11.15.;29;8;24;30;46;103;166;128;144;137;146;110;58;1129;13;8;9;17;19;42;65;90;108;161;252;227;175;1186;42;16;33;47;65;145;231;218;252;298;398;337;233;2315
;47.;2015.11.16.;2015.11.22.;16;4;11;26;58;98;156;132;145;161;170;126;72;1175;12;7;10;13;26;43;70;118;130;149;231;249;207;1265;28;11;21;39;84;141;226;250;275;310;401;375;279;2440
;48.;2015.11.23.;2015.11.29.;20;12;12;37;64;98;152;152;150;170;159;111;57;1194;5;4;10;10;28;56;85;82;122;158;245;244;146;1195;25;16;22;47;92;154;237;234;272;328;404;355;203;2389
;49.;2015.11.30.;2015.12.6.;21;9;26;34;49;97;162;154;138;158;135;104;50;1137;9;6;5;13;28;65;80;98;121;153;230;262;178;1248;30;15;31;47;77;162;242;252;259;311;365;366;228;2385
;50.;2015.12.7.;2015.12.13.;28;16;13;31;47;94;158;160;163;182;126;111;68;1197;17;11;4;22;29;47;75;94;117;163;234;241;167;1221;45;27;17;53;76;141;233;254;280;345;360;352;235;2418
;51.;2015.12.14.;2015.12.20.;24;17;21;48;58;118;150;151;143;135;145;119;56;1185;12;6;10;12;24;47;93;93;119;165;223;235;182;1221;36;23;31;60;82;165;243;244;262;300;368;354;238;2406
;52.;2015.12.21.;2015.12.27.;22;13;15;47;67;105;144;175;160;157;181;96;62;1244;10;8;8;11;27;56;95;94;112;190;227;238;194;1270;32;21;23;58;94;161;239;269;272;347;408;334;256;2514
;53.;2015.12.28.;2016.01.3.;11;8;22;36;64;116;175;150;163;158;164;107;67;1241;6;5;10;12;16;50;110;102;117;200;231;235;184;1278;17;13;32;48;80;166;285;252;280;358;395;342;251;2519
2016.;1.;2016.01.4.;2016.01.10.;23;8;23;42;55;110;189;177;186;182;187;142;100;1424;9;7;10;20;33;51;90;111;141;176;258;264;229;1399;32;15;33;62;88;161;279;288;327;358;445;406;329;2823
;2.;2016.01.11.;2016.01.17.;19;7;22;33;65;107;155;160;186;154;142;129;77;1256;5;6;7;30;20;44;100;117;130;193;260;268;204;1384;24;13;29;63;85;151;255;277;316;347;402;397;281;2640
;3.;2016.01.18.;2016.01.24.;24;11;14;37;67;99;138;160;172;162;178;133;57;1252;14;8;9;19;29;54;83;99;143;159;240;269;184;1310;38;19;23;56;96;153;221;259;315;321;418;402;241;2562
;4.;2016.01.25.;2016.01.31.;12;9;28;38;54;102;149;168;152;148;157;155;70;1242;9;3;10;16;21;50;80;103;134;191;271;267;218;1373;21;12;38;54;75;152;229;271;286;339;428;422;288;2615
;5.;2016.02.1.;2016.02.7.;15;10;14;33;53;106;128;132;155;172;145;113;69;1145;15;10;6;23;21;55;93;111;111;174;271;248;200;1338;30;20;20;56;74;161;221;243;266;346;416;361;269;2483
;6.;2016.02.8.;2016.02.14.;24;10;21;46;62;93;165;183;170;174;150;123;69;1290;14;4;12;13;26;53;96;114;129;167;258;248;216;1350;38;14;33;59;88;146;261;297;299;341;408;371;285;2640
;7.;2016.02.15.;2016.02.21.;19;20;16;37;59;101;149;173;192;179;158;115;66;1284;6;8;12;16;21;38;96;104;130;155;231;263;211;1291;25;28;28;53;80;139;245;277;322;334;389;378;277;2575
;8.;2016.02.22.;2016.02.28.;29;11;13;31;57;106;145;155;164;173;147;120;72;1223;19;5;11;24;25;47;90;94;99;174;224;249;207;1268;48;16;24;55;82;153;235;249;263;347;371;369;279;2491
;9.;2016.02.29.;2016.03.6.;19;10;12;27;46;113;182;174;176;171;152;112;68;1262;13;2;7;17;19;51;80;111;125;179;236;235;198;1273;32;12;19;44;65;164;262;285;301;350;388;347;266;2535
;10.;2016.03.7.;2016.03.13.;15;12;27;35;51;110;155;175;136;163;165;102;50;1196;11;7;14;13;27;35;83;112;127;190;219;261;201;1300;26;19;41;48;78;145;238;287;263;353;384;363;251;2496
;11.;2016.03.14.;2016.03.20.;19;12;15;28;62;91;160;155;185;149;151;116;72;1215;15;5;6;16;25;47;78;97;129;184;237;202;182;1223;34;17;21;44;87;138;238;252;314;333;388;318;254;2438
;12.;2016.03.21.;2016.03.27.;25;9;12;38;53;106;157;154;151;175;182;116;65;1243;8;4;7;15;29;45;83;91;112;171;238;255;180;1238;33;13;19;53;82;151;240;245;263;346;420;371;245;2481
;13.;2016.03.28.;2016.04.3.;16;9;16;31;56;114;157;180;155;168;160;116;69;1247;6;5;16;13;29;51;87;100;117;176;224;260;206;1290;22;14;32;44;85;165;244;280;272;344;384;376;275;2537
;14.;2016.04.4.;2016.04.10.;21;10;16;34;64;92;155;148;160;165;144;106;69;1184;11;7;8;8;25;57;80;97;145;168;220;259;187;1272;32;17;24;42;89;149;235;245;305;333;364;365;256;2456
;15.;2016.04.11.;2016.04.17.;27;12;15;46;50;90;146;155;128;151;139;106;57;1122;15;6;9;20;26;43;74;107;95;184;213;219;185;1196;42;18;24;66;76;133;220;262;223;335;352;325;242;2318
;16.;2016.04.18.;2016.04.24.;16;7;23;32;43;93;139;156;134;147;135;117;66;1108;11;4;8;17;20;49;77;91;125;190;224;231;194;1241;27;11;31;49;63;142;216;247;259;337;359;348;260;2349
;17.;2016.04.25.;2016.05.1.;19;10;13;34;38;104;165;190;156;153;159;100;76;1217;22;11;15;20;26;36;75;86;84;152;237;214;169;1147;41;21;28;54;64;140;240;276;240;305;396;314;245;2364
;18.;2016.05.2.;2016.05.8.;16;15;20;25;51;85;145;181;157;126;135;98;70;1124;10;1;9;19;20;39;72;86;111;165;209;224;190;1155;26;16;29;44;71;124;217;267;268;291;344;322;260;2279
;19.;2016.05.9.;2016.05.15.;20;10;18;27;59;97;151;154;155;148;161;130;71;1201;12;11;10;11;18;51;89;101;122;152;191;212;189;1169;32;21;28;38;77;148;240;255;277;300;352;342;260;2370
;20.;2016.05.16.;2016.05.22.;17;7;24;33;65;113;144;157;158;168;128;99;81;1194;17;5;11;12;17;46;85;96;123;162;224;225;164;1187;34;12;35;45;82;159;229;253;281;330;352;324;245;2381
;21.;2016.05.23.;2016.05.29.;19;6;19;23;64;88;149;157;148;139;159;112;58;1141;6;9;3;14;22;43;80;93;100;166;216;202;166;1120;25;15;22;37;86;131;229;250;248;305;375;314;224;2261
;22.;2016.05.30.;2016.06.5.;26;10;18;26;41;95;147;174;150;147;132;94;58;1118;12;5;5;12;27;44;83;94;125;146;214;231;169;1167;38;15;23;38;68;139;230;268;275;293;346;325;227;2285
;23.;2016.06.6.;2016.06.12.;23;8;24;33;53;90;135;163;181;129;139;116;57;1151;8;5;3;19;29;49;69;102;101;146;196;182;175;1084;31;13;27;52;82;139;204;265;282;275;335;298;232;2235
;24.;2016.06.13.;2016.06.19.;23;16;18;24;54;91;130;134;144;145;138;106;64;1087;12;3;6;12;26;34;84;87;82;141;202;203;172;1064;35;19;24;36;80;125;214;221;226;286;340;309;236;2151
;25.;2016.06.20.;2016.06.26.;21;13;10;39;45;74;150;173;185;172;163;113;59;1217;10;10;14;11;26;43;83;101;110;188;240;225;203;1264;31;23;24;50;71;117;233;274;295;360;403;338;262;2481
;26.;2016.06.27.;2016.07.3.;26;13;16;38;48;92;137;174;134;154;132;96;65;1125;9;4;11;18;26;51;92;111;88;158;207;230;173;1178;35;17;27;56;74;143;229;285;222;312;339;326;238;2303
;27.;2016.07.4.;2016.07.10.;34;11;14;28;50;91;127;153;139;153;154;104;57;1115;6;1;7;8;19;40;44;83;107;135;219;162;156;987;40;12;21;36;69;131;171;236;246;288;373;266;213;2102
;28.;2016.07.11.;2016.07.17.;26;13;15;34;58;100;148;156;150;155;146;104;60;1165;11;3;13;15;15;44;81;89;116;159;202;194;169;1111;37;16;28;49;73;144;229;245;266;314;348;298;229;2276
;29.;2016.07.18.;2016.07.24.;22;11;17;37;61;83;138;159;127;152;128;81;63;1079;18;;7;9;16;43;67;95;113;167;216;199;181;1131;40;11;24;46;77;126;205;254;240;319;344;280;244;2210
;30.;2016.07.25.;2016.07.31.;24;10;14;36;54;83;158;145;149;143;134;106;55;1111;6;4;8;11;24;53;85;94;127;154;207;223;170;1166;30;14;22;47;78;136;243;239;276;297;341;329;225;2277
;31.;2016.08.1.;2016.08.7.;17;11;15;34;35;79;153;146;141;168;152;102;55;1108;10;5;13;12;25;51;60;75;128;157;201;219;157;1113;27;16;28;46;60;130;213;221;269;325;353;321;212;2221
;32.;2016.08.8.;2016.08.14.;26;8;15;30;46;78;157;127;158;106;131;106;67;1055;11;4;10;16;24;49;69;82;112;157;202;197;132;1065;37;12;25;46;70;127;226;209;270;263;333;303;199;2120
;33.;2016.08.15.;2016.08.21.;17;6;16;23;49;88;142;140;141;129;127;114;61;1053;12;7;10;11;23;43;81;68;120;164;248;216;166;1169;29;13;26;34;72;131;223;208;261;293;375;330;227;2222
;34.;2016.08.22.;2016.08.28.;12;11;13;36;43;102;151;144;144;158;137;110;62;1123;5;8;4;14;21;39;79;77;129;158;225;207;152;1118;17;19;17;50;64;141;230;221;273;316;362;317;214;2241
;35.;2016.08.29.;2016.09.4.;19;10;17;39;59;96;170;130;172;161;151;104;56;1184;12;7;9;8;23;41;80;85;106;184;210;201;170;1136;31;17;26;47;82;137;250;215;278;345;361;305;226;2320
;36.;2016.09.5.;2016.09.11.;21;8;19;31;59;79;160;151;144;147;116;110;55;1100;9;7;6;12;21;34;86;72;116;174;188;228;193;1146;30;15;25;43;80;113;246;223;260;321;304;338;248;2246
;37.;2016.09.12.;2016.09.18.;27;8;22;31;62;95;148;159;171;136;143;120;56;1178;10;2;11;16;19;66;79;84;119;171;228;207;175;1187;37;10;33;47;81;161;227;243;290;307;371;327;231;2365
;38.;2016.09.19.;2016.09.25.;29;8;20;34;58;91;148;148;138;136;140;108;54;1112;8;8;9;7;13;47;67;87;108;153;233;217;194;1151;37;16;29;41;71;138;215;235;246;289;373;325;248;2263
;39.;2016.09.26.;2016.10.2.;24;8;24;32;57;108;145;150;171;155;138;139;61;1212;9;3;11;13;25;58;83;84;114;181;217;228;185;1211;33;11;35;45;82;166;228;234;285;336;355;367;246;2423
;40.;2016.10.3.;2016.10.9.;23;12;27;34;48;91;172;179;144;166;140;115;73;1224;12;11;4;15;27;31;73;111;118;181;218;237;185;1223;35;23;31;49;75;122;245;290;262;347;358;352;258;2447
;41.;2016.10.10.;2016.10.16.;17;11;12;33;54;104;144;186;155;172;171;125;77;1261;9;3;8;18;35;40;91;99;117;172;227;242;216;1277;26;14;20;51;89;144;235;285;272;344;398;367;293;2538
;42.;2016.10.17.;2016.10.23.;21;12;12;31;46;87;155;162;164;159;147;127;79;1202;7;8;8;14;22;52;96;98;123;181;245;246;191;1291;28;20;20;45;68;139;251;260;287;340;392;373;270;2493
;43.;2016.10.24.;2016.10.30.;17;5;17;30;52;81;136;165;168;158;167;118;79;1193;9;4;7;12;41;58;69;93;140;155;260;270;216;1334;26;9;24;42;93;139;205;258;308;313;427;388;295;2527
;44.;2016.10.31.;2016.11.6.;12;11;17;30;52;105;159;174;158;164;153;119;85;1239;4;7;8;16;29;50;78;97;107;164;237;234;188;1219;16;18;25;46;81;155;237;271;265;328;390;353;273;2458
;45.;2016.11.7.;2016.11.13.;13;14;19;32;52;89;150;174;143;142;175;119;70;1192;13;5;8;17;25;42;88;115;122;179;241;246;178;1279;26;19;27;49;77;131;238;289;265;321;416;365;248;2471
;46.;2016.11.14.;2016.11.20.;20;7;16;43;37;104;171;159;178;161;147;110;53;1206;13;4;12;15;22;48;80;93;128;173;209;266;214;1277;33;11;28;58;59;152;251;252;306;334;356;376;267;2483
;47.;2016.11.21.;2016.11.27.;22;12;21;28;65;85;147;188;159;150;159;119;70;1225;9;3;11;19;16;45;96;96;144;180;227;244;224;1314;31;15;32;47;81;130;243;284;303;330;386;363;294;2539
;48.;2016.11.28.;2016.12.4.;14;7;21;31;56;112;174;184;176;155;183;115;58;1286;8;6;11;15;21;39;72;98;137;178;239;251;179;1254;22;13;32;46;77;151;246;282;313;333;422;366;237;2540
;49.;2016.12.5.;2016.12.11.;23;14;19;34;49;121;193;201;165;152;164;121;57;1313;11;4;9;15;27;44;87;92;142;177;233;275;206;1322;34;18;28;49;76;165;280;293;307;329;397;396;263;2635
;50.;2016.12.12.;2016.12.18.;19;5;17;36;50;105;174;163;179;151;169;120;70;1258;14;3;5;8;38;41;86;103;129;173;254;248;225;1327;33;8;22;44;88;146;260;266;308;324;423;368;295;2585
;51.;2016.12.19.;2016.12.25.;21;12;17;42;62;102;183;204;193;163;205;135;86;1425;10;4;12;12;29;61;86;112;124;185;241;295;249;1420;31;16;29;54;91;163;269;316;317;348;446;430;335;2845
;52.;2016.12.26.;2017.01.1.;17;12;21;38;62;79;169;192;196;169;174;156;92;1377;6;6;14;13;21;54;80;128;151;209;259;311;268;1520;23;18;35;51;83;133;249;320;347;378;433;467;360;2897
2017.;1.;2017.01.2.;2017.01.8.;26;5;28;39;56;109;179;238;193;203;181;164;95;1516;17;9;12;17;27;50;103;131;133;240;306;312;282;1639;43;14;40;56;83;159;282;369;326;443;487;476;377;3155
;2.;2017.01.9.;2017.01.15.;11;13;30;32;71;99;218;222;201;220;201;157;90;1565;6;8;10;26;44;59;102;122;168;222;341;362;276;1746;17;21;40;58;115;158;320;344;369;442;542;519;366;3311
;3.;2017.01.16.;2017.01.22.;26;8;26;39;61;121;224;206;219;209;224;163;98;1624;7;3;7;18;35;36;117;138;162;246;377;366;313;1825;33;11;33;57;96;157;341;344;381;455;601;529;411;3449
;4.;2017.01.23.;2017.01.29.;26;12;26;43;67;124;221;229;249;205;220;169;92;1683;18;8;13;23;26;65;134;115;155;277;343;377;337;1891;44;20;39;66;93;189;355;344;404;482;563;546;429;3574
;5.;2017.01.30.;2017.02.5.;24;12;25;32;59;114;229;246;220;227;238;190;121;1737;14;5;13;24;32;66;107;150;149;253;339;396;331;1879;38;17;38;56;91;180;336;396;369;480;577;586;452;3616
;6.;2017.02.6.;2017.02.12.;21;9;19;46;69;115;180;207;188;200;203;160;112;1529;9;4;12;23;19;50;106;137;150;251;333;335;298;1727;30;13;31;69;88;165;286;344;338;451;536;495;410;3256
;7.;2017.02.13.;2017.02.19.;20;8;21;34;56;97;181;166;190;169;194;164;82;1382;12;5;5;10;26;39;106;134;140;219;292;329;292;1609;32;13;26;44;82;136;287;300;330;388;486;493;374;2991
;8.;2017.02.20.;2017.02.26.;24;8;13;33;56;100;174;196;170;204;156;129;98;1361;16;2;9;18;27;71;108;121;145;205;276;287;244;1529;40;10;22;51;83;171;282;317;315;409;432;416;342;2890
;9.;2017.02.27.;2017.03.5.;9;8;17;45;62;102;144;158;163;167;164;121;82;1242;9;6;13;15;32;51;95;123;145;202;220;281;234;1426;18;14;30;60;94;153;239;281;308;369;384;402;316;2668
;10.;2017.03.6.;2017.03.12.;16;8;14;34;61;91;159;183;149;218;165;130;92;1320;16;7;8;13;25;40;76;110;136;164;273;249;234;1351;32;15;22;47;86;131;235;293;285;382;438;379;326;2671
;11.;2017.03.13.;2017.03.19.;23;7;18;41;57;80;154;168;162;174;160;140;59;1243;9;5;6;10;24;44;91;99;143;176;266;272;194;1339;32;12;24;51;81;124;245;267;305;350;426;412;253;2582
;12.;2017.03.20.;2017.03.26.;19;13;17;29;57;71;140;172;183;170;165;134;53;1223;15;6;10;21;35;50;83;105;122;195;247;252;220;1361;34;19;27;50;92;121;223;277;305;365;412;386;273;2584
;13.;2017.03.27.;2017.04.2.;21;11;19;19;53;78;167;170;168;165;151;106;75;1203;11;4;6;21;27;54;84;105;116;198;223;248;246;1343;32;15;25;40;80;132;251;275;284;363;374;354;321;2546
;14.;2017.04.3.;2017.04.9.;20;14;20;24;41;86;150;161;164;165;138;133;61;1177;18;3;9;18;18;37;91;117;136;154;216;247;181;1245;38;17;29;42;59;123;241;278;300;319;354;380;242;2422
;15.;2017.04.10.;2017.04.16.;24;10;10;25;48;93;156;185;168;170;156;97;67;1209;13;3;7;10;27;52;90;92;135;173;248;226;207;1283;37;13;17;35;75;145;246;277;303;343;404;323;274;2492
;16.;2017.04.17.;2017.04.23.;20;10;8;27;59;98;177;154;157;168;161;125;69;1233;8;3;3;24;28;47;77;106;107;171;250;269;201;1294;28;13;11;51;87;145;254;260;264;339;411;394;270;2527
;17.;2017.04.24.;2017.04.30.;25;10;14;24;49;89;148;157;170;185;149;123;83;1226;7;6;10;15;28;41;72;97;122;191;226;237;202;1254;32;16;24;39;77;130;220;254;292;376;375;360;285;2480
;18.;2017.05.1.;2017.05.7.;25;12;21;34;47;79;141;167;187;162;134;102;73;1184;14;8;10;10;24;45;83;118;117;180;236;243;207;1295;39;20;31;44;71;124;224;285;304;342;370;345;280;2479
;19.;2017.05.8.;2017.05.14.;25;12;15;26;42;90;163;152;154;152;143;117;54;1145;10;6;9;20;24;51;75;109;99;154;225;242;171;1195;35;18;24;46;66;141;238;261;253;306;368;359;225;2340
;20.;2017.05.15.;2017.05.21.;22;8;17;33;50;81;133;157;150;153;155;90;63;1112;9;11;7;12;20;40;87;105;118;184;222;224;172;1211;31;19;24;45;70;121;220;262;268;337;377;314;235;2323
;21.;2017.05.22.;2017.05.28.;17;5;13;33;61;96;150;146;138;174;118;97;54;1102;7;2;8;18;21;41;75;93;108;150;192;214;178;1107;24;7;21;51;82;137;225;239;246;324;310;311;232;2209
;22.;2017.05.29.;2017.06.4.;25;10;14;37;50;86;168;155;182;168;148;107;62;1212;10;6;8;18;18;32;61;94;131;182;200;234;176;1170;35;16;22;55;68;118;229;249;313;350;348;341;238;2382
;23.;2017.06.5.;2017.06.11.;22;8;20;17;50;85;163;130;159;139;124;111;53;1081;6;4;7;11;31;34;63;74;115;150;202;193;155;1045;28;12;27;28;81;119;226;204;274;289;326;304;208;2126
;24.;2017.06.12.;2017.06.18.;20;13;15;43;54;68;146;148;144;154;131;95;58;1089;7;12;7;16;23;34;52;84;103;153;192;217;156;1056;27;25;22;59;77;102;198;232;247;307;323;312;214;2145
;25.;2017.06.19.;2017.06.25.;14;11;14;38;55;91;175;146;131;173;144;98;64;1154;9;6;4;10;25;39;82;89;105;144;224;229;177;1143;23;17;18;48;80;130;257;235;236;317;368;327;241;2297
;26.;2017.06.26.;2017.07.2.;27;6;12;29;38;64;132;147;120;148;150;93;54;1020;14;3;8;10;18;33;60;82;113;164;223;235;153;1116;41;9;20;39;56;97;192;229;233;312;373;328;207;2136
;27.;2017.07.3.;2017.07.9.;18;11;20;30;54;90;133;129;136;149;114;109;58;1051;7;8;6;14;23;34;72;99;99;138;200;230;162;1092;25;19;26;44;77;124;205;228;235;287;314;339;220;2143
;28.;2017.07.10.;2017.07.16.;19;9;17;31;52;72;153;142;167;139;143;91;44;1079;9;9;10;21;17;40;94;95;115;155;243;245;156;1209;28;18;27;52;69;112;247;237;282;294;386;336;200;2288
;29.;2017.07.17.;2017.07.23.;19;9;16;31;59;82;142;142;156;140;121;117;63;1097;7;2;7;16;23;48;71;99;112;157;223;243;166;1174;26;11;23;47;82;130;213;241;268;297;344;360;229;2271
;30.;2017.07.24.;2017.07.30.;20;11;17;34;41;72;140;158;169;137;128;86;62;1075;8;13;8;19;17;53;70;101;104;162;195;189;126;1065;28;24;25;53;58;125;210;259;273;299;323;275;188;2140
;31.;2017.07.31.;2017.08.6.;33;9;18;43;64;104;142;192;174;149;182;111;59;1280;10;6;11;13;28;36;95;122;127;174;241;289;225;1377;43;15;29;56;92;140;237;314;301;323;423;400;284;2657
;32.;2017.08.7.;2017.08.13.;26;7;12;38;44;72;158;155;150;154;130;106;77;1129;7;7;10;9;22;30;67;96;113;166;201;261;174;1163;33;14;22;47;66;102;225;251;263;320;331;367;251;2292
;33.;2017.08.14.;2017.08.20.;15;7;18;32;41;91;113;148;151;138;123;108;53;1038;14;4;6;11;19;45;68;95;121;143;210;209;164;1109;29;11;24;43;60;136;181;243;272;281;333;317;217;2147
;34.;2017.08.21.;2017.08.27.;22;8;17;22;56;76;145;145;149;141;124;91;73;1069;8;5;10;6;24;43;76;93;100;135;200;229;157;1086;30;13;27;28;80;119;221;238;249;276;324;320;230;2155
;35.;2017.08.28.;2017.09.3.;18;7;13;35;71;85;113;165;168;143;124;102;52;1096;10;3;8;12;23;37;81;75;101;177;220;234;162;1143;28;10;21;47;94;122;194;240;269;320;344;336;214;2239
;36.;2017.09.4.;2017.09.10.;17;14;17;37;45;74;135;153;133;141;128;122;55;1071;6;4;12;22;32;41;68;97;129;150;190;189;175;1115;23;18;29;59;77;115;203;250;262;291;318;311;230;2186
;37.;2017.09.11.;2017.09.17.;23;9;16;32;45;96;143;134;144;163;144;110;71;1130;7;8;6;21;23;45;80;97;114;132;220;234;173;1160;30;17;22;53;68;141;223;231;258;295;364;344;244;2290
;38.;2017.09.18.;2017.09.24.;21;10;18;30;60;97;139;157;157;148;131;114;56;1138;6;7;7;21;19;54;86;88;120;177;197;212;180;1174;27;17;25;51;79;151;225;245;277;325;328;326;236;2312
;39.;2017.09.25.;2017.10.1.;20;9;13;37;51;88;147;160;157;154;147;122;80;1185;10;5;7;21;27;36;80;91;114;157;217;229;172;1166;30;14;20;58;78;124;227;251;271;311;364;351;252;2351
;40.;2017.10.2.;2017.10.8.;20;5;13;34;40;70;156;174;153;155;161;141;86;1208;12;6;12;16;22;40;70;84;117;164;224;255;198;1220;32;11;25;50;62;110;226;258;270;319;385;396;284;2428
;41.;2017.10.9.;2017.10.15.;26;15;21;35;47;102;143;185;164;167;150;103;52;1210;8;8;7;12;22;43;89;114;116;195;205;255;212;1286;34;23;28;47;69;145;232;299;280;362;355;358;264;2496
;42.;2017.10.16.;2017.10.22.;14;17;10;25;58;79;151;169;160;153;139;102;56;1133;8;4;5;23;32;29;99;98;116;166;197;268;179;1224;22;21;15;48;90;108;250;267;276;319;336;370;235;2357
;43.;2017.10.23.;2017.10.29.;24;5;13;39;44;91;160;153;152;134;154;101;66;1136;11;9;9;10;28;53;80;100;113;159;220;223;187;1202;35;14;22;49;72;144;240;253;265;293;374;324;253;2338
;44.;2017.10.30.;2017.11.5.;22;9;18;40;39;92;158;161;147;162;139;112;59;1158;16;7;12;15;20;41;93;99;131;149;210;244;202;1239;38;16;30;55;59;133;251;260;278;311;349;356;261;2397
;45.;2017.11.6.;2017.11.12.;20;15;15;34;47;87;157;166;144;148;138;123;66;1160;14;5;7;15;19;36;83;104;131;154;205;210;181;1164;34;20;22;49;66;123;240;270;275;302;343;333;247;2324
;46.;2017.11.13.;2017.11.19.;18;4;17;35;57;94;164;168;167;148;154;120;70;1216;12;2;9;17;30;32;82;105;102;181;212;229;194;1207;30;6;26;52;87;126;246;273;269;329;366;349;264;2423
;47.;2017.11.20.;2017.11.26.;29;10;26;36;47;96;155;176;162;168;136;134;64;1239;13;6;9;17;26;39;69;111;147;166;240;230;191;1264;42;16;35;53;73;135;224;287;309;334;376;364;255;2503
;48.;2017.11.27.;2017.12.3.;19;11;19;33;42;94;146;166;175;157;151;122;62;1197;7;2;5;12;26;45;76;106;138;147;258;219;199;1240;26;13;24;45;68;139;222;272;313;304;409;341;261;2437
;49.;2017.12.4.;2017.12.10.;16;23;14;43;53;89;171;185;179;181;174;143;71;1342;8;3;5;13;29;54;81;108;138;173;229;256;216;1313;24;26;19;56;82;143;252;293;317;354;403;399;287;2655
;50.;2017.12.11.;2017.12.17.;25;9;21;25;54;87;159;184;149;195;153;123;82;1266;10;2;21;15;24;46;76;103;118;174;226;249;250;1314;35;11;42;40;78;133;235;287;267;369;379;372;332;2580
;51.;2017.12.18.;2017.12.24.;24;8;17;39;54;115;155;200;162;163;166;128;54;1285;10;4;10;17;24;43;90;118;107;180;233;259;225;1320;34;12;27;56;78;158;245;318;269;343;399;387;279;2605
;52.;2017.12.25.;2017.12.31.;28;9;14;37;57;81;192;177;157;178;146;126;83;1285;12;6;7;16;29;57;70;109;129;191;261;250;206;1343;40;15;21;53;86;138;262;286;286;369;407;376;289;2628
2018.;1.;2018.01.1.;2018.01.7.;22;14;14;33;57;101;171;168;155;181;150;126;80;1272;6;4;6;16;29;39;76;111;132;170;247;260;227;1323;28;18;20;49;86;140;247;279;287;351;397;386;307;2595
;2.;2018.01.8.;2018.01.14.;21;6;20;32;41;82;164;171;170;164;173;114;60;1218;11;9;7;16;21;43;83;98;102;173;252;300;213;1328;32;15;27;48;62;125;247;269;272;337;425;414;273;2546
;3.;2018.01.15.;2018.01.21.;16;9;31;31;57;104;164;167;199;190;159;125;75;1327;7;8;6;14;18;44;89;98;121;214;255;274;200;1348;23;17;37;45;75;148;253;265;320;404;414;399;275;2675
;4.;2018.01.22.;2018.01.28.;25;14;25;29;56;82;167;192;156;167;143;133;67;1256;5;6;5;20;22;50;95;102;115;194;269;275;241;1399;30;20;30;49;78;132;262;294;271;361;412;408;308;2655
;5.;2018.01.29.;2018.02.4.;22;10;18;32;49;91;179;173;190;169;157;127;66;1283;12;7;9;15;18;40;86;122;139;185;279;293;243;1448;34;17;27;47;67;131;265;295;329;354;436;420;309;2731
;6.;2018.02.5.;2018.02.11.;27;10;24;21;63;99;173;172;172;189;182;157;81;1370;10;3;10;15;22;51;92;111;142;181;253;319;254;1463;37;13;34;36;85;150;265;283;314;370;435;476;335;2833
;7.;2018.02.12.;2018.02.18.;24;8;17;32;63;81;189;202;198;209;170;168;84;1445;10;9;12;17;23;49;96;118;155;217;294;324;268;1592;34;17;29;49;86;130;285;320;353;426;464;492;352;3037
;8.;2018.02.19.;2018.02.25.;14;11;26;32;62;102;206;204;192;206;176;160;103;1494;15;7;8;15;22;47;123;133;166;207;311;331;282;1667;29;18;34;47;84;149;329;337;358;413;487;491;385;3161
;9.;2018.02.26.;2018.03.4.;21;11;22;39;67;86;209;201;202;244;196;164;92;1554;13;7;10;27;20;42;97;134;156;231;328;327;291;1683;34;18;32;66;87;128;306;335;358;475;524;491;383;3237
;10.;2018.03.5.;2018.03.11.;18;12;28;45;63;94;199;208;229;219;184;145;109;1553;9;5;11;27;28;52;88;138;148;225;325;341;268;1665;27;17;39;72;91;146;287;346;377;444;509;486;377;3218
;11.;2018.03.12.;2018.03.18.;18;11;24;40;52;100;187;207;178;186;176;139;99;1417;13;3;14;21;22;43;96;119;156;217;318;306;271;1599;31;14;38;61;74;143;283;326;334;403;494;445;370;3016
;12.;2018.03.19.;2018.03.25.;17;14;21;35;63;91;178;188;192;183;169;149;84;1384;11;4;8;16;34;52;100;120;119;204;256;300;270;1494;28;18;29;51;97;143;278;308;311;387;425;449;354;2878
;13.;2018.03.26.;2018.04.1.;28;9;14;32;57;91;158;193;178;166;181;128;69;1304;13;3;12;15;25;40;85;100;136;209;280;295;257;1470;41;12;26;47;82;131;243;293;314;375;461;423;326;2774
;14.;2018.04.2.;2018.04.8.;25;12;20;32;66;98;156;185;178;169;152;112;70;1275;11;2;20;7;27;52;89;105;133;192;224;257;228;1347;36;14;40;39;93;150;245;290;311;361;376;369;298;2622
;15.;2018.04.9.;2018.04.15.;25;11;17;35;58;81;168;205;163;158;167;133;70;1291;12;6;18;9;31;29;72;112;147;146;242;256;205;1285;37;17;35;44;89;110;240;317;310;304;409;389;275;2576
;16.;2018.04.16.;2018.04.22.;18;17;23;31;45;79;151;143;155;159;137;105;60;1123;11;2;10;14;23;46;92;92;113;176;219;219;196;1213;29;19;33;45;68;125;243;235;268;335;356;324;256;2336
;17.;2018.04.23.;2018.04.29.;19;8;7;32;50;90;143;160;152;159;149;98;57;1124;11;4;11;13;19;32;74;87;124;184;206;219;192;1176;30;12;18;45;69;122;217;247;276;343;355;317;249;2300
;18.;2018.04.30.;2018.05.6.;13;10;24;30;46;98;155;152;156;131;134;95;68;1112;10;5;10;14;21;37;72;87;113;172;196;267;178;1182;23;15;34;44;67;135;227;239;269;303;330;362;246;2294
;19.;2018.05.7.;2018.05.13.;23;8;18;36;49;80;132;153;142;147;135;98;55;1076;9;7;3;14;18;51;66;100;102;139;197;211;167;1084;32;15;21;50;67;131;198;253;244;286;332;309;222;2160
;20.;2018.05.14.;2018.05.20.;17;9;25;32;54;90;144;152;140;117;147;116;60;1103;13;2;7;10;23;46;55;83;103;144;197;208;160;1051;30;11;32;42;77;136;199;235;243;261;344;324;220;2154
;21.;2018.05.21.;2018.05.27.;19;9;23;22;51;82;158;161;152;122;149;107;75;1130;14;6;7;15;26;40;77;95;111;167;255;229;180;1222;33;15;30;37;77;122;235;256;263;289;404;336;255;2352
;22.;2018.05.28.;2018.06.3.;20;11;13;31;39;80;157;151;184;135;168;112;65;1166;8;7;14;12;18;41;84;132;111;162;209;235;194;1227;28;18;27;43;57;121;241;283;295;297;377;347;259;2393
;23.;2018.06.4.;2018.06.10.;18;6;19;30;63;68;162;156;151;145;126;110;58;1112;11;5;13;19;24;43;78;92;94;159;195;224;159;1116;29;11;32;49;87;111;240;248;245;304;321;334;217;2228
;24.;2018.06.11.;2018.06.17.;22;10;22;29;58;68;166;154;158;162;137;89;74;1149;8;8;8;13;31;49;78;99;109;139;171;213;168;1094;30;18;30;42;89;117;244;253;267;301;308;302;242;2243
;25.;2018.06.18.;2018.06.24.;19;8;19;23;38;83;119;162;153;147;127;95;61;1054;6;3;9;15;21;34;80;100;100;145;213;213;195;1134;25;11;28;38;59;117;199;262;253;292;340;308;256;2188
;26.;2018.06.25.;2018.07.1.;18;8;16;22;43;73;134;146;132;154;116;101;69;1032;12;4;10;16;28;39;76;84;114;144;199;207;175;1108;30;12;26;38;71;112;210;230;246;298;315;308;244;2140
;27.;2018.07.2.;2018.07.8.;25;3;17;34;44;76;127;143;153;150;134;114;58;1078;9;6;10;13;27;29;70;98;123;158;197;228;179;1147;34;9;27;47;71;105;197;241;276;308;331;342;237;2225
;28.;2018.07.9.;2018.07.15.;26;6;14;28;47;76;139;170;149;169;145;123;71;1163;12;6;12;16;21;48;60;94;129;165;190;216;153;1122;38;12;26;44;68;124;199;264;278;334;335;339;224;2285
;29.;2018.07.16.;2018.07.22.;25;8;22;26;35;74;165;179;160;143;156;119;51;1163;9;4;3;13;30;48;71;98;113;143;191;205;174;1102;34;12;25;39;65;122;236;277;273;286;347;324;225;2265
;30.;2018.07.23.;2018.07.29.;17;5;25;34;71;99;158;165;166;157;162;110;54;1223;12;1;11;12;23;40;77;98;124;172;209;222;165;1166;29;6;36;46;94;139;235;263;290;329;371;332;219;2389
;31.;2018.07.30.;2018.08.5.;30;12;13;35;44;84;150;199;174;162;136;122;69;1230;8;2;10;15;17;40;81;103;111;171;245;235;211;1249;38;14;23;50;61;124;231;302;285;333;381;357;280;2479
;32.;2018.08.6.;2018.08.12.;19;16;18;37;55;96;140;165;158;169;139;109;68;1189;13;7;8;15;26;28;74;95;116;173;237;226;212;1230;32;23;26;52;81;124;214;260;274;342;376;335;280;2419
;33.;2018.08.13.;2018.08.19.;20;6;18;27;63;80;141;154;174;139;143;94;57;1116;8;1;10;12;11;34;68;91;105;165;197;217;164;1083;28;7;28;39;74;114;209;245;279;304;340;311;221;2199
;34.;2018.08.20.;2018.08.26.;16;7;18;23;53;79;127;148;170;146;140;121;63;1111;19;5;9;16;36;29;60;93;131;198;206;233;177;1212;35;12;27;39;89;108;187;241;301;344;346;354;240;2323
;35.;2018.08.27.;2018.09.2.;19;9;12;32;48;80;126;162;153;172;109;100;54;1076;8;2;9;16;22;33;82;105;101;160;214;210;216;1178;27;11;21;48;70;113;208;267;254;332;323;310;270;2254
;36.;2018.09.3.;2018.09.9.;18;14;28;36;50;90;152;166;151;170;131;96;55;1157;16;2;9;9;32;38;68;92;106;138;213;220;167;1110;34;16;37;45;82;128;220;258;257;308;344;316;222;2267
;37.;2018.09.10.;2018.09.16.;15;8;19;27;54;81;168;171;142;158;140;98;81;1162;17;7;5;13;25;35;91;94;109;172;233;223;170;1194;32;15;24;40;79;116;259;265;251;330;373;321;251;2356
;38.;2018.09.17.;2018.09.23.;24;6;20;31;56;85;147;170;167;160;136;113;75;1190;9;7;4;12;29;18;90;107;112;158;215;237;197;1195;33;13;24;43;85;103;237;277;279;318;351;350;272;2385
;39.;2018.09.24.;2018.09.30.;17;4;19;25;63;103;139;187;165;144;125;127;65;1183;13;6;7;22;24;37;82;99;110;158;221;213;187;1179;30;10;26;47;87;140;221;286;275;302;346;340;252;2362
;40.;2018.10.1.;2018.10.7.;16;11;24;29;58;77;140;182;168;161;149;138;67;1220;8;3;7;8;32;40;84;104;136;175;224;247;210;1278;24;14;31;37;90;117;224;286;304;336;373;385;277;2498
;41.;2018.10.8.;2018.10.14.;16;11;18;19;59;91;148;166;147;174;150;117;83;1199;13;4;9;12;21;43;88;100;127;183;232;244;237;1313;29;15;27;31;80;134;236;266;274;357;382;361;320;2512
;42.;2018.10.15.;2018.10.21.;19;10;25;36;42;89;154;159;144;148;149;131;71;1177;12;5;9;19;21;55;78;103;108;167;245;234;199;1255;31;15;34;55;63;144;232;262;252;315;394;365;270;2432
;43.;2018.10.22.;2018.10.28.;20;10;20;32;45;76;168;183;166;159;133;118;56;1186;7;7;7;16;19;45;72;108;121;158;218;243;202;1223;27;17;27;48;64;121;240;291;287;317;351;361;258;2409
;44.;2018.10.29.;2018.11.4.;11;13;11;30;52;83;155;163;152;158;127;118;63;1136;6;6;6;15;20;45;69;109;128;162;237;223;199;1225;17;19;17;45;72;128;224;272;280;320;364;341;262;2361
;45.;2018.11.5.;2018.11.11.;18;5;18;23;55;82;156;158;155;159;139;120;72;1160;7;4;8;23;20;41;65;100;110;159;225;224;216;1202;25;9;26;46;75;123;221;258;265;318;364;344;288;2362
;46.;2018.11.12.;2018.11.18.;18;9;24;40;69;75;139;172;180;155;113;118;71;1183;11;2;11;13;23;48;74;104;111;179;209;256;184;1225;29;11;35;53;92;123;213;276;291;334;322;374;255;2408
;47.;2018.11.19.;2018.11.25.;17;10;16;44;52;109;139;161;197;198;158;120;47;1268;11;4;5;18;22;44;80;105;130;175;233;245;215;1287;28;14;21;62;74;153;219;266;327;373;391;365;262;2555
;48.;2018.11.26.;2018.12.2.;19;8;23;27;61;81;151;191;168;172;169;129;71;1270;12;4;11;14;29;30;75;120;125;162;245;241;221;1289;31;12;34;41;90;111;226;311;293;334;414;370;292;2559
;49.;2018.12.3.;2018.12.9.;23;9;18;33;49;86;172;165;193;196;173;133;67;1317;6;7;12;17;21;48;95;95;116;191;229;289;201;1327;29;16;30;50;70;134;267;260;309;387;402;422;268;2644
;50.;2018.12.10.;2018.12.16.;16;11;24;24;55;95;178;189;187;171;160;113;71;1294;5;3;11;11;24;38;86;110;145;206;240;274;230;1383;21;14;35;35;79;133;264;299;332;377;400;387;301;2677
;51.;2018.12.17.;2018.12.23.;18;11;24;49;66;100;159;194;201;185;165;137;76;1385;13;1;2;15;28;38;98;115;148;201;268;261;224;1412;31;12;26;64;94;138;257;309;349;386;433;398;300;2797
;52.;2018.12.24.;2018.12.30.;23;5;21;35;53;106;168;194;193;184;180;131;80;1373;7;2;12;17;22;48;88;129;147;199;263;283;270;1487;30;7;33;52;75;154;256;323;340;383;443;414;350;2860
2019.;1.;2018.12.31.;2019.01.6.;24;9;17;37;78;110;158;201;194;178;183;140;90;1419;11;5;13;26;24;55;105;129;163;216;286;319;283;1635;35;14;30;63;102;165;263;330;357;394;469;459;373;3054
;2.;2019.01.7.;2019.01.13.;16;13;22;35;63;93;179;233;230;192;177;150;77;1480;14;2;10;13;31;44;101;127;160;223;305;308;272;1610;30;15;32;48;94;137;280;360;390;415;482;458;349;3090
;3.;2019.01.14.;2019.01.20.;21;6;22;38;65;82;170;199;186;192;176;157;94;1408;9;4;11;14;26;51;93;121;157;234;315;327;267;1629;30;10;33;52;91;133;263;320;343;426;491;484;361;3037
;4.;2019.01.21.;2019.01.27.;21;7;26;39;54;92;186;242;204;221;187;173;108;1560;12;5;10;21;30;46;112;107;152;220;336;333;290;1674;33;12;36;60;84;138;298;349;356;441;523;506;398;3234
;5.;2019.01.28.;2019.02.3.;27;6;11;52;82;100;197;218;211;214;191;161;96;1566;8;7;6;13;27;66;111;139;174;264;352;347;304;1818;35;13;17;65;109;166;308;357;385;478;543;508;400;3384
;6.;2019.02.4.;2019.02.10.;22;10;22;41;61;102;181;214;225;219;185;173;74;1529;6;4;12;21;19;53;89;146;174;221;316;362;311;1734;28;14;34;62;80;155;270;360;399;440;501;535;385;3263
;7.;2019.02.11.;2019.02.17.;22;9;21;37;79;91;187;186;180;213;163;137;97;1422;12;3;10;21;42;45;105;113;151;228;303;316;263;1612;34;12;31;58;121;136;292;299;331;441;466;453;360;3034
;8.;2019.02.18.;2019.02.24.;19;7;26;35;51;77;155;219;206;204;177;149;72;1397;7;9;10;12;25;36;84;135;140;198;288;285;262;1491;26;16;36;47;76;113;239;354;346;402;465;434;334;2888
;9.;2019.02.25.;2019.03.3.;28;12;22;45;54;104;170;212;185;203;174;142;83;1434;18;3;8;16;28;45;73;107;168;194;281;305;229;1475;46;15;30;61;82;149;243;319;353;397;455;447;312;2909
;10.;2019.03.4.;2019.03.10.;25;14;19;32;44;71;143;182;180;173;150;142;74;1249;9;8;8;17;19;48;87;125;147;204;273;278;241;1464;34;22;27;49;63;119;230;307;327;377;423;420;315;2713
;11.;2019.03.11.;2019.03.17.;20;9;15;28;49;109;159;184;192;189;160;123;71;1308;10;5;8;20;21;40;86;102;134;207;286;272;234;1425;30;14;23;48;70;149;245;286;326;396;446;395;305;2733
;12.;2019.03.18.;2019.03.24.;16;7;20;26;60;91;134;181;179;142;139;134;74;1203;9;2;5;16;18;32;72;92;143;158;253;267;199;1266;25;9;25;42;78;123;206;273;322;300;392;401;273;2469
;13.;2019.03.25.;2019.03.31.;17;6;16;23;47;82;148;150;163;160;126;124;69;1131;11;6;11;12;25;40;73;108;119;202;229;238;206;1280;28;12;27;35;72;122;221;258;282;362;355;362;275;2411
;14.;2019.04.1.;2019.04.7.;21;12;21;35;47;74;127;184;147;166;136;118;69;1157;12;3;11;11;25;46;95;109;120;152;221;252;200;1257;33;15;32;46;72;120;222;293;267;318;357;370;269;2414
;15.;2019.04.8.;2019.04.14.;21;4;18;26;54;78;149;191;150;177;134;116;66;1184;14;2;7;9;28;29;77;97;114;169;204;244;215;1209;35;6;25;35;82;107;226;288;264;346;338;360;281;2393
;16.;2019.04.15.;2019.04.21.;20;11;19;30;55;80;142;168;158;169;109;115;66;1142;10;3;8;16;21;24;70;95;124;183;200;216;215;1185;30;14;27;46;76;104;212;263;282;352;309;331;281;2327
;17.;2019.04.22.;2019.04.28.;15;6;19;24;50;91;148;186;147;153;142;129;57;1167;4;6;6;7;27;39;86;105;132;168;235;273;187;1275;19;12;25;31;77;130;234;291;279;321;377;402;244;2442
;18.;2019.04.29.;2019.05.5.;17;11;21;34;45;69;145;159;142;168;134;101;70;1116;5;8;7;17;16;43;76;128;88;173;201;219;219;1200;22;19;28;51;61;112;221;287;230;341;335;320;289;2316
;19.;2019.05.6.;2019.05.12.;17;8;22;30;53;61;115;154;130;179;126;126;77;1098;6;6;6;12;24;40;69;113;100;188;212;244;165;1185;23;14;28;42;77;101;184;267;230;367;338;370;242;2283
;20.;2019.05.13.;2019.05.19.;16;7;20;20;49;84;134;160;142;161;145;107;53;1098;7;4;13;16;22;32;81;91;118;173;189;193;171;1110;23;11;33;36;71;116;215;251;260;334;334;300;224;2208
;21.;2019.05.20.;2019.05.26.;16;5;19;27;42;61;130;172;157;155;126;104;67;1081;5;2;14;13;21;42;65;100;122;166;219;244;189;1202;21;7;33;40;63;103;195;272;279;321;345;348;256;2283
;22.;2019.05.27.;2019.06.2.;15;14;12;32;46;76;153;145;146;156;122;103;73;1093;13;8;6;11;24;36;70;93;111;146;205;207;173;1103;28;22;18;43;70;112;223;238;257;302;327;310;246;2196
;23.;2019.06.3.;2019.06.9.;23;9;16;24;49;66;155;160;156;169;130;108;65;1130;7;4;8;20;17;47;82;116;113;154;197;219;174;1158;30;13;24;44;66;113;237;276;269;323;327;327;239;2288
;24.;2019.06.10.;2019.06.16.;24;7;28;42;49;79;150;185;173;186;146;129;67;1265;10;5;9;13;22;35;86;111;109;204;256;275;223;1358;34;12;37;55;71;114;236;296;282;390;402;404;290;2623
;25.;2019.06.17.;2019.06.23.;21;12;19;22;49;74;126;166;173;145;131;128;63;1129;11;4;13;8;20;38;62;95;121;137;208;203;168;1088;32;16;32;30;69;112;188;261;294;282;339;331;231;2217
;26.;2019.06.24.;2019.06.30.;26;6;26;36;45;90;144;142;155;169;126;97;61;1123;9;4;11;18;23;43;64;95;114;156;233;213;141;1124;35;10;37;54;68;133;208;237;269;325;359;310;202;2247
;27.;2019.07.1.;2019.07.7.;25;13;17;26;50;83;155;158;127;160;126;105;62;1107;10;5;11;21;19;35;63;86;120;167;194;243;161;1135;35;18;28;47;69;118;218;244;247;327;320;348;223;2242
;28.;2019.07.8.;2019.07.14.;13;12;11;23;47;71;130;150;142;133;135;82;47;996;12;5;9;10;18;43;51;88;100;152;194;215;172;1069;25;17;20;33;65;114;181;238;242;285;329;297;219;2065
;29.;2019.07.15.;2019.07.21.;17;11;16;28;36;101;131;148;147;154;131;125;72;1117;8;3;1;21;25;40;62;101;123;154;205;230;202;1175;25;14;17;49;61;141;193;249;270;308;336;355;274;2292
;30.;2019.07.22.;2019.07.28.;17;5;20;29;53;101;145;164;164;176;129;127;66;1196;11;4;13;14;29;35;88;100;128;173;217;249;214;1275;28;9;33;43;82;136;233;264;292;349;346;376;280;2471
;31.;2019.07.29.;2019.08.4.;17;10;18;31;52;77;119;186;157;144;118;87;56;1072;8;7;9;10;22;37;53;100;106;154;204;203;185;1098;25;17;27;41;74;114;172;286;263;298;322;290;241;2170
;32.;2019.08.5.;2019.08.11.;14;6;24;27;51;80;128;138;142;151;130;111;69;1071;9;6;11;10;12;31;60;93;117;147;211;243;194;1144;23;12;35;37;63;111;188;231;259;298;341;354;263;2215
;33.;2019.08.12.;2019.08.18.;23;14;15;35;44;75;146;162;144;170;111;101;48;1088;12;5;6;10;16;44;67;100;100;182;180;230;178;1130;35;19;21;45;60;119;213;262;244;352;291;331;226;2218
;34.;2019.08.19.;2019.08.25.;23;5;23;27;52;74;133;150;153;145;119;128;63;1095;10;6;7;9;22;37;61;91;104;167;213;229;184;1140;33;11;30;36;74;111;194;241;257;312;332;357;247;2235
;35.;2019.08.26.;2019.09.1.;18;12;12;42;48;68;130;171;148;167;153;111;75;1155;7;6;6;13;28;44;69;111;127;146;218;228;215;1218;25;18;18;55;76;112;199;282;275;313;371;339;290;2373
;36.;2019.09.2.;2019.09.8.;22;8;20;27;50;78;138;164;148;138;126;101;52;1072;8;4;11;18;18;37;66;98;101;165;215;213;173;1127;30;12;31;45;68;115;204;262;249;303;341;314;225;2199
;37.;2019.09.9.;2019.09.15.;27;12;17;25;49;68;138;152;172;158;125;98;58;1099;12;3;10;11;27;30;72;88;116;137;193;189;167;1055;39;15;27;36;76;98;210;240;288;295;318;287;225;2154
;38.;2019.09.16.;2019.09.22.;23;9;13;33;52;79;125;150;136;152;132;128;59;1091;14;2;6;14;25;30;77;101;122;157;197;218;187;1150;37;11;19;47;77;109;202;251;258;309;329;346;246;2241
;39.;2019.09.23.;2019.09.29.;19;6;15;37;58;79;151;184;150;184;151;106;84;1224;11;2;12;14;32;38;75;105;112;168;234;245;222;1270;30;8;27;51;90;117;226;289;262;352;385;351;306;2494
;40.;2019.09.30.;2019.10.6.;21;5;28;27;51;90;148;162;173;174;142;112;75;1208;14;5;14;21;28;46;73;120;113;168;218;203;211;1234;35;10;42;48;79;136;221;282;286;342;360;315;286;2442
;41.;2019.10.7.;2019.10.13.;28;9;12;30;39;85;132;186;164;159;149;130;66;1189;11;3;14;9;23;35;65;89;114;155;244;236;195;1193;39;12;26;39;62;120;197;275;278;314;393;366;261;2382
;42.;2019.10.14.;2019.10.20.;18;10;12;17;62;87;128;161;173;158;141;113;70;1150;7;1;6;13;31;37;55;102;117;195;224;228;228;1244;25;11;18;30;93;124;183;263;290;353;365;341;298;2394
;43.;2019.10.21.;2019.10.27.;14;14;20;37;49;82;103;166;157;168;150;126;89;1175;12;2;11;7;15;39;64;116;123;171;196;237;187;1180;26;16;31;44;64;121;167;282;280;339;346;363;276;2355
;44.;2019.10.28.;2019.11.3.;12;12;21;32;55;73;122;183;160;164;148;110;55;1147;13;6;11;14;24;21;66;98;107;167;212;229;182;1150;25;18;32;46;79;94;188;281;267;331;360;339;237;2297
;45.;2019.11.4.;2019.11.10.;16;4;15;23;57;71;128;189;148;165;138;129;66;1149;7;5;8;13;20;36;86;104;132;189;225;271;198;1294;23;9;23;36;77;107;214;293;280;354;363;400;264;2443
;46.;2019.11.11.;2019.11.17.;21;6;16;19;45;76;133;170;166;177;124;115;82;1150;8;4;11;11;30;44;61;109;122;145;221;227;216;1209;29;10;27;30;75;120;194;279;288;322;345;342;298;2359
;47.;2019.11.18.;2019.11.24.;22;9;11;27;48;82;123;179;155;167;125;115;65;1128;14;3;12;13;19;32;68;105;114;162;213;226;192;1173;36;12;23;40;67;114;191;284;269;329;338;341;257;2301
;48.;2019.11.25.;2019.12.1.;22;4;17;25;58;82;129;170;151;140;156;117;66;1137;10;6;8;15;23;35;69;97;144;174;197;237;205;1220;32;10;25;40;81;117;198;267;295;314;353;354;271;2357
;49.;2019.12.2.;2019.12.8.;15;12;17;33;41;91;148;194;151;183;154;120;68;1227;15;4;11;13;21;39;80;118;130;189;230;267;217;1334;30;16;28;46;62;130;228;312;281;372;384;387;285;2561
;50.;2019.12.9.;2019.12.15.;21;7;24;37;46;84;154;182;166;195;165;117;71;1269;12;2;4;14;28;43;82;112;113;181;207;237;222;1257;33;9;28;51;74;127;236;294;279;376;372;354;293;2526
;51.;2019.12.16.;2019.12.22.;22;16;22;31;60;70;143;191;175;173;136;123;70;1232;15;7;11;13;27;42;83;117;127;176;224;261;203;1306;37;23;33;44;87;112;226;308;302;349;360;384;273;2538
;52.;2019.12.23.;2019.12.29.;18;12;15;19;57;83;141;200;158;171;153;122;76;1225;10;1;8;10;19;44;62;98;133;174;252;266;193;1270;28;13;23;29;76;127;203;298;291;345;405;388;269;2495
2020.;1.;2019.12.30.;2020.01.5.;17;10;14;31;67;97;156;181;167;183;149;121;73;1266;9;3;7;17;32;51;83;133;144;179;244;240;204;1346;26;13;21;48;99;148;239;314;311;362;393;361;277;2612
;2.;2020.01.6.;2020.01.12.;25;11;27;29;54;89;151;199;176;146;176;147;72;1302;10;4;8;11;27;33;77;109;131;194;227;241;211;1283;35;15;35;40;81;122;228;308;307;340;403;388;283;2585
;3.;2020.01.13.;2020.01.19.;21;7;18;36;61;75;131;164;183;180;163;121;82;1242;9;5;10;16;25;47;85;102;126;195;252;243;227;1342;30;12;28;52;86;122;216;266;309;375;415;364;309;2584
;4.;2020.01.20.;2020.01.26.;15;7;21;34;53;92;150;203;167;187;147;133;76;1285;11;3;11;8;31;46;96;109;156;197;264;297;209;1438;26;10;32;42;84;138;246;312;323;384;411;430;285;2723
;5.;2020.01.27.;2020.02.2.;22;9;18;34;49;75;155;196;200;207;166;140;87;1358;10;3;9;6;22;40;88;125;134;242;246;263;256;1444;32;12;27;40;71;115;243;321;334;449;412;403;343;2802
;6.;2020.02.3.;2020.02.9.;16;16;14;31;51;91;155;180;184;201;156;135;66;1296;6;4;10;11;25;44;69;126;143;189;242;260;212;1341;22;20;24;42;76;135;224;306;327;390;398;395;278;2637
;7.;2020.02.10.;2020.02.16.;21;10;18;32;58;87;117;204;172;197;181;125;82;1304;12;5;6;10;19;44;89;136;158;206;258;276;228;1447;33;15;24;42;77;131;206;340;330;403;439;401;310;2751
;8.;2020.02.17.;2020.02.23.;20;9;16;26;48;84;129;176;164;200;156;126;70;1224;4;4;11;11;16;35;76;140;137;186;248;266;227;1361;24;13;27;37;64;119;205;316;301;386;404;392;297;2585
;9.;2020.02.24.;2020.03.1.;15;8;21;39;58;77;147;190;193;193;168;110;81;1300;12;2;11;17;31;41;85;115;151;198;276;292;250;1481;27;10;32;56;89;118;232;305;344;391;444;402;331;2781
;10.;2020.03.2.;2020.03.8.;23;6;15;25;51;79;154;208;179;197;166;132;70;1305;8;2;10;15;17;28;71;93;141;182;251;244;239;1301;31;8;25;40;68;107;225;301;320;379;417;376;309;2606
;11.;2020.03.9.;2020.03.15.;25;8;17;17;61;73;124;164;188;198;161;117;75;1228;15;5;14;10;26;37;73;133;143;205;222;254;213;1350;40;13;31;27;87;110;197;297;331;403;383;371;288;2578
;12.;2020.03.16.;2020.03.22.;18;10;14;30;68;92;156;193;172;193;180;141;74;1341;11;3;6;15;21;37;71;145;136;212;272;305;226;1460;29;13;20;45;89;129;227;338;308;405;452;446;300;2801
;13.;2020.03.23.;2020.03.29.;24;11;13;36;38;69;122;193;174;174;151;133;87;1225;9;8;9;14;28;38;77;140;124;180;268;245;227;1367;33;19;22;50;66;107;199;333;298;354;419;378;314;2592
;14.;2020.03.30.;2020.04.5.;20;7;12;30;48;67;154;185;171;166;139;120;61;1180;10;5;3;19;30;51;95;119;142;175;226;251;222;1348;30;12;15;49;78;118;249;304;313;341;365;371;283;2528
;15.;2020.04.6.;2020.04.12.;19;11;20;27;71;81;154;178;145;172;142;128;90;1238;15;6;8;21;34;37;78;116;119;209;216;260;218;1337;34;17;28;48;105;118;232;294;264;381;358;388;308;2575
;16.;2020.04.13.;2020.04.19.;17;5;10;41;63;97;123;182;160;170;164;123;70;1225;8;7;13;14;29;40;78;108;116;178;209;278;206;1284;25;12;23;55;92;137;201;290;276;348;373;401;276;2509
;17.;2020.04.20.;2020.04.26.;18;10;11;34;48;69;140;163;175;160;132;124;55;1139;8;5;6;19;23;37;73;105;127;178;209;198;232;1220;26;15;17;53;71;106;213;268;302;338;341;322;287;2359
;18.;2020.04.27.;2020.05.3.;25;6;14;25;51;68;112;159;148;144;135;113;51;1051;9;4;12;11;29;37;65;96;105;171;222;217;220;1198;34;10;26;36;80;105;177;255;253;315;357;330;271;2249
;19.;2020.05.4.;2020.05.10.;13;8;15;40;51;76;119;161;142;175;144;104;58;1106;9;3;12;13;19;40;73;134;121;149;197;231;185;1186;22;11;27;53;70;116;192;295;263;324;341;335;243;2292
;20.;2020.05.11.;2020.05.17.;22;14;15;31;45;77;143;183;151;152;142;121;68;1164;9;3;14;15;16;25;76;107;132;160;215;223;187;1182;31;17;29;46;61;102;219;290;283;312;357;344;255;2346
;21.;2020.05.18.;2020.05.24.;15;11;15;24;42;83;105;160;148;166;122;102;55;1048;15;3;4;16;17;25;61;94;136;160;186;191;154;1062;30;14;19;40;59;108;166;254;284;326;308;293;209;2110
;22.;2020.05.25.;2020.05.31.;30;10;17;27;42;73;122;165;139;145;126;115;51;1062;8;4;7;16;16;39;80;95;134;166;195;204;165;1129;38;14;24;43;58;112;202;260;273;311;321;319;216;2191
;23.;2020.06.1.;2020.06.7.;22;5;21;20;51;91;166;183;155;158;129;114;71;1186;4;5;9;25;26;32;71;101;127;168;237;210;198;1213;26;10;30;45;77;123;237;284;282;326;366;324;269;2399
;24.;2020.06.8.;2020.06.14.;18;11;20;30;41;69;124;160;136;168;145;121;73;1116;6;4;9;15;18;30;77;116;123;136;198;253;187;1172;24;15;29;45;59;99;201;276;259;304;343;374;260;2288
;25.;2020.06.15.;2020.06.21.;20;6;20;37;52;63;127;142;176;117;117;92;58;1027;9;3;9;21;17;34;61;93;120;161;183;173;157;1041;29;9;29;58;69;97;188;235;296;278;300;265;215;2068
;26.;2020.06.22.;2020.06.28.;17;14;20;27;51;88;138;172;152;161;122;127;61;1150;8;3;9;13;20;43;74;101;131;167;183;198;169;1119;25;17;29;40;71;131;212;273;283;328;305;325;230;2269
;27.;2020.06.29.;2020.07.5.;23;5;17;30;52;79;120;164;171;181;126;116;67;1151;6;8;9;16;23;24;70;123;108;162;208;213;196;1166;29;13;26;46;75;103;190;287;279;343;334;329;263;2317
;28.;2020.07.6.;2020.07.12.;15;8;13;25;42;76;146;155;137;139;148;104;52;1060;16;1;13;14;24;36;64;102;110;134;208;212;175;1109;31;9;26;39;66;112;210;257;247;273;356;316;227;2169
;29.;2020.07.13.;2020.07.19.;12;5;17;23;55;67;111;160;169;143;137;118;62;1079;12;4;11;16;19;26;55;99;121;146;185;190;147;1031;24;9;28;39;74;93;166;259;290;289;322;308;209;2110
;30.;2020.07.20.;2020.07.26.;18;2;16;29;46;64;118;168;140;159;110;109;52;1031;7;;7;13;18;42;64;101;122;156;194;208;190;1122;25;2;23;42;64;106;182;269;262;315;304;317;242;2153
;31.;2020.07.27.;2020.08.2.;23;10;20;26;52;71;125;164;147;164;138;113;76;1129;5;3;12;21;32;46;72;102;109;177;218;268;168;1233;28;13;32;47;84;117;197;266;256;341;356;381;244;2362
;32.;2020.08.3.;2020.08.9.;19;9;23;35;60;75;129;175;149;178;130;110;69;1161;8;4;9;14;26;34;83;107;126;152;201;221;165;1150;27;13;32;49;86;109;212;282;275;330;331;331;234;2311
;33.;2020.08.10.;2020.08.16.;16;9;27;37;61;74;128;171;142;167;141;117;57;1147;7;7;7;14;23;26;65;119;121;152;173;223;184;1121;23;16;34;51;84;100;193;290;263;319;314;340;241;2268
;34.;2020.08.17.;2020.08.23.;18;7;24;29;64;73;117;183;141;153;135;97;79;1120;4;5;7;16;26;35;59;94;138;145;177;210;188;1104;22;12;31;45;90;108;176;277;279;298;312;307;267;2224
;35.;2020.08.24.;2020.08.30.;19;11;15;24;39;85;109;192;137;150;148;93;63;1085;8;6;6;10;27;40;62;104;123;162;181;207;182;1118;27;17;21;34;66;125;171;296;260;312;329;300;245;2203
;36.;2020.08.31.;2020.09.6.;28;11;20;24;56;63;123;160;172;160;115;101;64;1097;7;3;11;16;21;34;57;97;101;175;208;221;173;1124;35;14;31;40;77;97;180;257;273;335;323;322;237;2221
;37.;2020.09.7.;2020.09.13.;18;10;23;26;58;75;134;173;164;148;126;129;70;1154;11;1;5;10;26;39;59;104;127;160;198;239;200;1179;29;11;28;36;84;114;193;277;291;308;324;368;270;2333
;38.;2020.09.14.;2020.09.20.;15;11;14;39;61;78;133;182;171;165;176;110;53;1208;12;6;9;15;30;32;74;102;127;191;213;249;204;1264;27;17;23;54;91;110;207;284;298;356;389;359;257;2472
;39.;2020.09.21.;2020.09.27.;21;14;21;32;59;75;127;206;185;159;145;105;68;1217;9;8;10;15;22;31;62;120;139;185;237;223;179;1240;30;22;31;47;81;106;189;326;324;344;382;328;247;2457
;40.;2020.09.28.;2020.10.4.;23;18;18;26;51;89;122;187;173;194;150;121;77;1249;18;8;9;12;28;47;69;119;141;200;216;239;207;1313;41;26;27;38;79;136;191;306;314;394;366;360;284;2562
;41.;2020.10.5.;2020.10.11.;22;11;13;31;65;83;130;178;180;181;152;132;71;1249;10;4;4;9;23;41;53;119;137;203;236;278;197;1314;32;15;17;40;88;124;183;297;317;384;388;410;268;2563
;42.;2020.10.12.;2020.10.18.;20;10;19;37;60;72;158;200;185;208;146;147;70;1332;4;3;4;17;25;49;81;136;139;208;259;267;234;1426;24;13;23;54;85;121;239;336;324;416;405;414;304;2758
;43.;2020.10.19.;2020.10.25.;29;11;17;44;62;88;151;228;217;207;180;135;74;1443;14;8;14;16;27;36;61;127;171;222;313;271;266;1546;43;19;31;60;89;124;212;355;388;429;493;406;340;2989
;44.;2020.10.26.;2020.11.1.;22;4;14;41;64;81;164;254;231;237;217;160;97;1586;10;7;17;19;33;39;92;139;158;233;290;300;262;1599;32;11;31;60;97;120;256;393;389;470;507;460;359;3185
;45.;2020.11.2.;2020.11.8.;21;10;24;42;68;102;156;279;243;260;226;213;119;1763;14;8;15;15;22;53;84;157;184;268;345;340;283;1788;35;18;39;57;90;155;240;436;427;528;571;553;402;3551
;46.;2020.11.9.;2020.11.15.;30;7;24;53;82;104;191;286;317;301;283;203;104;1985;14;3;11;16;38;44;96;166;202;306;407;389;286;1978;44;10;35;69;120;148;287;452;519;607;690;592;390;3963
;47.;2020.11.16.;2020.11.22.;18;11;20;44;62;125;208;323;315;302;257;188;122;1995;11;4;10;17;33;44;78;154;210;294;397;384;319;1955;29;15;30;61;95;169;286;477;525;596;654;572;441;3950
;48.;2020.11.23.;2020.11.29.;14;10;24;49;62;102;212;318;291;303;268;227;118;1998;13;11;9;15;39;62;106;143;226;281;388;447;329;2069;27;21;33;64;101;164;318;461;517;584;656;674;447;4067
;49.;2020.11.30.;2020.12.6.;21;10;28;39;84;123;213;305;314;289;281;183;124;2014;12;7;14;25;33;57;99;166;236;285;414;421;386;2155;33;17;42;64;117;180;312;471;550;574;695;604;510;4169
;50.;2020.12.7.;2020.12.13.;29;11;27;54;55;98;182;286;272;303;271;184;119;1891;13;4;17;24;42;53;102;170;211;303;418;465;376;2198;42;15;44;78;97;151;284;456;483;606;689;649;495;4089
;51.;2020.12.14.;2020.12.20.;24;12;19;39;66;105;206;234;285;269;224;178;120;1781;9;9;11;23;29;46;80;169;193;275;379;379;350;1952;33;21;30;62;95;151;286;403;478;544;603;557;470;3733
;52.;2020.12.21.;2020.12.27.;29;7;23;38;76;121;194;276;267;280;218;172;103;1804;12;4;12;24;41;50;79;171;220;250;358;394;333;1948;41;11;35;62;117;171;273;447;487;530;576;566;436;3752
;53.;2020.12.28.;2021.01.3.;20;15;21;34;61;105;165;236;252;246;237;164;92;1648;13;5;9;17;27;46;72;155;200;267;342;365;302;1820;33;20;30;51;88;151;237;391;452;513;579;529;394;3468
2021.;1.;2021.01.4.;2021.01.10.;15;19;20;33;77;96;179;219;210;224;212;151;84;1539;8;6;15;19;46;54;95;128;168;234;306;334;267;1680;23;25;35;52;123;150;274;347;378;458;518;485;351;3219
;2.;2021.01.11.;2021.01.17.;20;6;20;46;60;86;160;228;254;254;201;167;78;1580;6;3;8;15;31;42;81;123;182;228;330;317;260;1626;26;9;28;61;91;128;241;351;436;482;531;484;338;3206
;3.;2021.01.18.;2021.01.24.;16;12;18;36;64;86;159;244;216;229;164;132;91;1467;11;3;10;16;33;49;90;125;155;240;281;302;260;1575;27;15;28;52;97;135;249;369;371;469;445;434;351;3042
;4.;2021.01.25.;2021.01.31.;15;10;17;39;73;88;136;170;210;184;188;137;86;1353;14;1;5;17;29;40;91;138;152;196;298;249;278;1508;29;11;22;56;102;128;227;308;362;380;486;386;364;2861
;5.;2021.02.1.;2021.02.7.;20;11;18;37;57;113;161;214;204;192;180;125;77;1409;18;3;10;17;29;44;80;124;150;202;274;274;254;1479;38;14;28;54;86;157;241;338;354;394;454;399;331;2888
;6.;2021.02.8.;2021.02.14.;24;6;22;34;58;87;136;200;211;194;201;154;83;1410;13;7;4;14;33;37;76;139;178;206;261;284;219;1471;37;13;26;48;91;124;212;339;389;400;462;438;302;2881
;7.;2021.02.15.;2021.02.21.;16;11;25;29;56;75;147;242;216;215;187;151;85;1455;14;7;9;17;20;37;65;133;154;209;300;292;215;1472;30;18;34;46;76;112;212;375;370;424;487;443;300;2927
;8.;2021.02.22.;2021.02.28.;17;8;22;40;69;88;195;222;227;228;222;158;83;1579;11;5;9;21;30;54;75;133;187;205;306;301;253;1590;28;13;31;61;99;142;270;355;414;433;528;459;336;3169
;9.;2021.03.1.;2021.03.7.;13;7;22;45;91;96;174;278;258;246;206;153;81;1670;7;5;9;18;33;54;97;130;211;255;286;262;233;1600;20;12;31;63;124;150;271;408;469;501;492;415;314;3270
;10.;2021.03.8.;2021.03.14.;34;13;30;52;100;145;223;285;300;304;235;155;87;1963;10;9;8;17;46;55;129;177;206;258;356;306;266;1843;44;22;38;69;146;200;352;462;506;562;591;461;353;3806
;11.;2021.03.15.;2021.03.21.;30;16;29;51;111;126;224;332;326;328;279;169;108;2129;8;8;17;35;56;77;138;204;280;335;374;353;291;2176;38;24;46;86;167;203;362;536;606;663;653;522;399;4305
;12.;2021.03.22.;2021.03.28.;30;20;39;56;106;152;258;351;373;357;256;187;103;2288;15;6;27;43;45;64;139;256;308;342;412;354;270;2281;45;26;66;99;151;216;397;607;681;699;668;541;373;4569
;13.;2021.03.29.;2021.04.4.;21;18;43;74;114;151;267;421;363;368;243;175;100;2358;20;12;24;27;47;75;149;208;297;308;375;354;280;2176;41;30;67;101;161;226;416;629;660;676;618;529;380;4534
;14.;2021.04.5.;2021.04.11.;17;17;35;59;118;142;228;337;350;286;238;177;95;2099;14;13;14;28;53;71;135;212;286;298;339;350;228;2041;31;30;49;87;171;213;363;549;636;584;577;527;323;4140
;15.;2021.04.12.;2021.04.18.;21;9;39;54;74;135;192;276;275;242;195;140;84;1736;20;13;10;22;35;74;113;185;234;260;299;305;225;1795;41;22;49;76;109;209;305;461;509;502;494;445;309;3531
;16.;2021.04.19.;2021.04.25.;26;10;28;55;69;106;182;251;221;242;197;137;91;1615;10;3;17;24;36;64;113;163;187;243;289;266;219;1634;36;13;45;79;105;170;295;414;408;485;486;403;310;3249
;17.;2021.04.26.;2021.05.2.;28;12;27;38;63;96;156;226;215;226;165;153;78;1483;9;9;7;21;25;68;79;141;172;205;268;276;205;1485;37;21;34;59;88;164;235;367;387;431;433;429;283;2968
;18.;2021.05.3.;2021.05.9.;23;15;27;41;64;92;151;217;183;165;152;114;51;1295;14;7;16;23;43;48;96;121;160;196;252;249;202;1427;37;22;43;64;107;140;247;338;343;361;404;363;253;2722
;19.;2021.05.10.;2021.05.16.;11;5;23;36;60;72;124;200;191;163;148;128;69;1230;7;2;3;9;24;52;77;124;163;196;237;211;215;1320;18;7;26;45;84;124;201;324;354;359;385;339;284;2550
;20.;2021.05.17.;2021.05.23.;15;6;18;38;50;75;126;205;178;171;133;104;84;1203;15;2;10;11;26;36;76;98;142;154;210;232;173;1185;30;8;28;49;76;111;202;303;320;325;343;336;257;2388
;21.;2021.05.24.;2021.05.30.;20;12;19;35;52;56;125;185;171;164;119;128;57;1143;12;9;6;14;28;40;58;122;143;169;214;193;183;1191;32;21;25;49;80;96;183;307;314;333;333;321;240;2334
;22.;2021.05.31.;2021.06.6.;23;10;20;39;44;70;153;191;181;155;145;120;59;1210;14;1;8;10;31;40;76;116;129;173;216;202;187;1203;37;11;28;49;75;110;229;307;310;328;361;322;246;2413
;23.;2021.06.7.;2021.06.13.;28;9;19;36;51;84;113;199;176;181;145;117;56;1214;12;4;7;13;19;41;75;124;132;146;206;193;188;1160;40;13;26;49;70;125;188;323;308;327;351;310;244;2374
;24.;2021.06.14.;2021.06.20.;25;11;21;29;45;61;123;170;168;163;144;110;66;1136;12;4;7;19;19;45;70;132;118;153;236;228;185;1228;37;15;28;48;64;106;193;302;286;316;380;338;251;2364
;25.;2021.06.21.;2021.06.27.;18;14;21;35;51;78;124;203;191;194;175;141;65;1310;11;6;5;9;30;38;65;112;155;181;248;284;220;1364;29;20;26;44;81;116;189;315;346;375;423;425;285;2674
;26.;2021.06.28.;2021.07.4.;16;10;15;32;40;79;128;197;181;177;156;128;59;1218;14;4;11;17;26;36;56;109;126;145;213;231;182;1170;30;14;26;49;66;115;184;306;307;322;369;359;241;2388
;27.;2021.07.5.;2021.07.11.;26;11;19;30;59;73;126;189;196;153;143;101;62;1188;8;4;6;18;26;39;58;93;127;188;200;234;172;1173;34;15;25;48;85;112;184;282;323;341;343;335;234;2361
;28.;2021.07.12.;2021.07.18.;19;7;22;27;46;63;139;206;171;157;153;123;79;1212;10;4;11;16;26;43;56;110;133;180;212;226;184;1211;29;11;33;43;72;106;195;316;304;337;365;349;263;2423
;29.;2021.07.19.;2021.07.25.;34;11;14;26;40;71;102;177;167;155;118;77;65;1057;9;5;13;12;31;38;69;87;113;144;185;196;148;1050;43;16;27;38;71;109;171;264;280;299;303;273;213;2107
;30.;2021.07.26.;2021.08.1.;28;7;19;32;64;83;113;214;188;164;164;119;66;1261;15;7;10;22;24;35;68;114;117;178;223;227;205;1245;43;14;29;54;88;118;181;328;305;342;387;346;271;2506
;31.;2021.08.2.;2021.08.8.;14;10;20;38;46;71;127;150;172;142;127;92;69;1078;9;4;6;15;22;37;45;97;130;156;210;213;159;1103;23;14;26;53;68;108;172;247;302;298;337;305;228;2181
;32.;2021.08.9.;2021.08.15.;28;15;17;28;55;71;128;171;178;175;149;100;65;1180;12;4;5;18;21;38;71;100;105;156;216;208;216;1170;40;19;22;46;76;109;199;271;283;331;365;308;281;2350
;33.;2021.08.16.;2021.08.22.;16;3;19;26;54;73;123;151;153;164;103;106;66;1057;14;4;3;19;34;37;63;116;138;159;185;197;175;1144;30;7;22;45;88;110;186;267;291;323;288;303;241;2201
;34.;2021.08.23.;2021.08.29.;14;6;19;29;53;70;128;164;181;136;137;100;63;1100;14;;9;10;24;22;64;101;123;155;178;221;179;1100;28;6;28;39;77;92;192;265;304;291;315;321;242;2200
;35.;2021.08.30.;2021.09.5.;19;4;19;21;41;67;125;159;161;174;155;108;59;1112;7;6;8;17;20;38;62;117;111;174;222;191;182;1155;26;10;27;38;61;105;187;276;272;348;377;299;241;2267
;36.;2021.09.6.;2021.09.12.;24;10;14;19;55;79;126;176;179;178;171;110;60;1201;10;4;4;17;32;38;60;113;126;159;204;234;198;1199;34;14;18;36;87;117;186;289;305;337;375;344;258;2400
;37.;2021.09.13.;2021.09.19.;15;11;20;23;49;85;114;203;198;165;130;126;61;1200;9;2;6;21;26;35;59;113;125;191;213;227;234;1261;24;13;26;44;75;120;173;316;323;356;343;353;295;2461
;38.;2021.09.20.;2021.09.26.;25;13;20;34;44;84;119;183;177;154;134;121;73;1181;12;5;4;13;22;50;69;121;147;153;210;201;177;1184;37;18;24;47;66;134;188;304;324;307;344;322;250;2365
;39.;2021.09.27.;2021.10.3.;27;13;13;34;41;75;116;185;165;146;152;132;77;1176;6;6;10;17;31;38;69;107;125;179;203;230;208;1229;33;19;23;51;72;113;185;292;290;325;355;362;285;2405
;40.;2021.10.4.;2021.10.10.;23;13;23;32;54;79;145;224;169;175;159;120;74;1290;9;5;9;14;26;29;62;120;128;146;226;220;195;1189;32;18;32;46;80;108;207;344;297;321;385;340;269;2479
;41.;2021.10.11.;2021.10.17.;22;7;24;34;58;103;129;186;181;172;152;107;72;1247;10;3;9;20;26;55;56;138;143;194;255;219;220;1348;32;10;33;54;84;158;185;324;324;366;407;326;292;2595
;42.;2021.10.18.;2021.10.24.;14;10;23;35;56;82;117;190;188;196;169;109;80;1269;13;4;13;14;32;39;71;124;133;183;243;227;201;1297;27;14;36;49;88;121;188;314;321;379;412;336;281;2566
;43.;2021.10.25.;2021.10.31.;29;7;26;40;64;97;133;235;222;196;173;106;87;1415;4;4;9;13;38;46;81;130;164;214;239;271;224;1437;33;11;35;53;102;143;214;365;386;410;412;377;311;2852
;44.;2021.11.1.;2021.11.7.;21;7;28;50;74;110;153;244;231;230;202;150;89;1589;12;9;12;25;40;38;94;156;165;188;292;321;262;1614;33;16;40;75;114;148;247;400;396;418;494;471;351;3203
;45.;2021.11.8.;2021.11.14.;22;13;26;54;91;119;148;261;253;223;203;120;90;1623;15;8;9;19;36;60;91;139;199;232;299;335;260;1702;37;21;35;73;127;179;239;400;452;455;502;455;350;3325
